<?xml version="1.0"?>
<profiles>
	<!-- this profile will be used if no specific profile could be found -->
    <default>
        <windows>
            <!-- size of the web cam texture requested from Unity -->
            <requestedTextureWidth>640</requestedTextureWidth>
            <requestedTextureHeight>480</requestedTextureHeight>
            <!-- size of the texture Unity's web cam texture will be rescaled to -->
            <resampledTextureWidth>640</resampledTextureWidth>
            <resampledTextureHeight>480</resampledTextureHeight>
        </windows>
        <osx>
            <!-- size of the web cam texture requested from Unity -->
            <requestedTextureWidth>640</requestedTextureWidth>
            <requestedTextureHeight>360</requestedTextureHeight>
            <!-- size of the texture Unity's web cam texture will be rescaled to -->
            <resampledTextureWidth>640</resampledTextureWidth>
            <resampledTextureHeight>360</resampledTextureHeight>
        </osx>
    </default>
	<!-- these are examples of configured web cam profiles. -->
	<!-- please enter the name of your camera as shown in the popup dialog. -->
	<!-- Please note that in Unity 3.5 on Mac, some webcam models will deliver a distorted image
		that has to be resampled to 640x360 even if a 640x480 resolution has been requested. 
		This issue has been fixed in Unity 4.0 To get consistent behaviour with both Unity versions,
		for these webcams always a resolution of 640x360 should be requested on Mac. -->
    <webcam deviceName="Built-in iSight">
        <windows>
            <!-- size of the web cam texture requested from Unity -->
            <requestedTextureWidth>640</requestedTextureWidth>
            <requestedTextureHeight>480</requestedTextureHeight>
            <!-- size of the texture Unity's web cam texture will be rescaled to -->
            <resampledTextureWidth>640</resampledTextureWidth>
            <resampledTextureHeight>480</resampledTextureHeight>
        </windows>
        <osx>
            <!-- size of the web cam texture requested from Unity -->
            <requestedTextureWidth>640</requestedTextureWidth>
            <requestedTextureHeight>480</requestedTextureHeight>
            <!-- size of the texture Unity's web cam texture will be rescaled to -->
            <resampledTextureWidth>640</resampledTextureWidth>
            <resampledTextureHeight>480</resampledTextureHeight>
        </osx>
    </webcam>
    <webcam deviceName="Integrated Camera">
        <windows>
            <!-- size of the web cam texture requested from Unity -->
            <requestedTextureWidth>640</requestedTextureWidth>
            <requestedTextureHeight>480</requestedTextureHeight>
            <!-- size of the texture Unity's web cam texture will be rescaled to -->
            <resampledTextureWidth>640</resampledTextureWidth>
            <resampledTextureHeight>480</resampledTextureHeight>
        </windows>
	<osx>
            <!-- size of the web cam texture requested from Unity -->
            <requestedTextureWidth>640</requestedTextureWidth>
            <requestedTextureHeight>480</requestedTextureHeight>
            <!-- size of the texture Unity's web cam texture will be rescaled to -->
            <resampledTextureWidth>640</resampledTextureWidth>
            <resampledTextureHeight>480</resampledTextureHeight>
        </osx>
    </webcam>
    <webcam deviceName="Logitech HD Pro Webcam C910">
        <windows>
            <!-- size of the web cam texture requested from Unity -->
            <requestedTextureWidth>640</requestedTextureWidth>
            <requestedTextureHeight>480</requestedTextureHeight>
            <!-- size of the texture Unity's web cam texture will be rescaled to -->
            <resampledTextureWidth>640</resampledTextureWidth>
            <resampledTextureHeight>480</resampledTextureHeight>
        </windows>
        <osx>
            <!-- size of the web cam texture requested from Unity -->
            <requestedTextureWidth>640</requestedTextureWidth>
            <requestedTextureHeight>360</requestedTextureHeight>
            <!-- size of the texture Unity's web cam texture will be rescaled to -->
            <resampledTextureWidth>640</resampledTextureWidth>
            <resampledTextureHeight>360</resampledTextureHeight>
        </osx>
    </webcam>
    <webcam deviceName="Microsoft® LifeCam HD-6000 for Notebooks">
        <windows>
            <!-- size of the web cam texture requested from Unity -->
            <requestedTextureWidth>640</requestedTextureWidth>
            <requestedTextureHeight>480</requestedTextureHeight>
            <!-- size of the texture Unity's web cam texture will be rescaled to -->
            <resampledTextureWidth>640</resampledTextureWidth>
            <resampledTextureHeight>480</resampledTextureHeight>
        </windows>
        <osx>
            <!-- size of the web cam texture requested from Unity -->
            <requestedTextureWidth>640</requestedTextureWidth>
            <requestedTextureHeight>480</requestedTextureHeight>
            <!-- size of the texture Unity's web cam texture will be rescaled to -->
            <resampledTextureWidth>640</resampledTextureWidth>
            <resampledTextureHeight>480</resampledTextureHeight>
        </osx>
    </webcam>
    <webcam deviceName="Microsoft® LifeCam HD-3000">
        <windows>
            <!-- size of the web cam texture requested from Unity -->
            <requestedTextureWidth>640</requestedTextureWidth>
            <requestedTextureHeight>480</requestedTextureHeight>
            <!-- size of the texture Unity's web cam texture will be rescaled to -->
            <resampledTextureWidth>640</resampledTextureWidth>
            <resampledTextureHeight>480</resampledTextureHeight>
        </windows>
        <osx>
            <!-- size of the web cam texture requested from Unity -->
            <requestedTextureWidth>640</requestedTextureWidth>
            <requestedTextureHeight>480</requestedTextureHeight>
            <!-- size of the texture Unity's web cam texture will be rescaled to -->
            <resampledTextureWidth>640</resampledTextureWidth>
            <resampledTextureHeight>480</resampledTextureHeight>
        </osx>
    </webcam>
    <webcam deviceName="HD Pro Webcam C920">
        <windows>
            <!-- size of the web cam texture requested from Unity -->
            <requestedTextureWidth>640</requestedTextureWidth>
            <requestedTextureHeight>480</requestedTextureHeight>
            <!-- size of the texture Unity's web cam texture will be rescaled to -->
            <resampledTextureWidth>640</resampledTextureWidth>
            <resampledTextureHeight>480</resampledTextureHeight>
        </windows>
        <osx>
            <!-- size of the web cam texture requested from Unity -->
            <requestedTextureWidth>640</requestedTextureWidth>
            <requestedTextureHeight>360</requestedTextureHeight>
            <!-- size of the texture Unity's web cam texture will be rescaled to -->
            <resampledTextureWidth>640</resampledTextureWidth>
            <resampledTextureHeight>360</resampledTextureHeight>
        </osx>
    </webcam>
    <webcam deviceName="Logitech Camera">
        <windows>
            <!-- size of the web cam texture requested from Unity -->
            <requestedTextureWidth>640</requestedTextureWidth>
            <requestedTextureHeight>480</requestedTextureHeight>
            <!-- size of the texture Unity's web cam texture will be rescaled to -->
            <resampledTextureWidth>640</resampledTextureWidth>
            <resampledTextureHeight>480</resampledTextureHeight>
        </windows>
        <osx>
            <!-- size of the web cam texture requested from Unity -->
            <requestedTextureWidth>640</requestedTextureWidth>
            <requestedTextureHeight>360</requestedTextureHeight>
            <!-- size of the texture Unity's web cam texture will be rescaled to -->
            <resampledTextureWidth>640</resampledTextureWidth>
            <resampledTextureHeight>360</resampledTextureHeight>
        </osx>
    </webcam>
    <webcam deviceName="Logitech Webcam Pro 9000">
        <windows>
            <!-- size of the web cam texture requested from Unity -->
            <requestedTextureWidth>640</requestedTextureWidth>
            <requestedTextureHeight>480</requestedTextureHeight>
            <!-- size of the texture Unity's web cam texture will be rescaled to -->
            <resampledTextureWidth>640</resampledTextureWidth>
            <resampledTextureHeight>480</resampledTextureHeight>
        </windows>
        <osx>
            <!-- size of the web cam texture requested from Unity -->
            <requestedTextureWidth>640</requestedTextureWidth>
            <requestedTextureHeight>360</requestedTextureHeight>
            <!-- size of the texture Unity's web cam texture will be rescaled to -->
            <resampledTextureWidth>640</resampledTextureWidth>
            <resampledTextureHeight>360</resampledTextureHeight>
        </osx>
    </webcam>

    <webcam deviceName="Logitech HD Webcam C270">
        <windows>
            <!-- size of the web cam texture requested from Unity -->
            <requestedTextureWidth>640</requestedTextureWidth>
            <requestedTextureHeight>480</requestedTextureHeight>
            <!-- size of the texture Unity's web cam texture will be rescaled to -->
            <resampledTextureWidth>640</resampledTextureWidth>
            <resampledTextureHeight>480</resampledTextureHeight>
        </windows>
        <osx>
            <!-- size of the web cam texture requested from Unity -->
            <requestedTextureWidth>640</requestedTextureWidth>
            <requestedTextureHeight>360</requestedTextureHeight>
            <!-- size of the texture Unity's web cam texture will be rescaled to -->
            <resampledTextureWidth>640</resampledTextureWidth>
            <resampledTextureHeight>360</resampledTextureHeight>
        </osx>
    </webcam>
    <webcam deviceName="Logitech HD Pro Webcam C920">
        <windows>
            <!-- size of the web cam texture requested from Unity -->
            <requestedTextureWidth>640</requestedTextureWidth>
            <requestedTextureHeight>480</requestedTextureHeight>
            <!-- size of the texture Unity's web cam texture will be rescaled to -->
            <resampledTextureWidth>640</resampledTextureWidth>
            <resampledTextureHeight>480</resampledTextureHeight>
        </windows>
        <osx>
            <!-- size of the web cam texture requested from Unity -->
            <requestedTextureWidth>640</requestedTextureWidth>
            <requestedTextureHeight>360</requestedTextureHeight>
            <!-- size of the texture Unity's web cam texture will be rescaled to -->
            <resampledTextureWidth>640</resampledTextureWidth>
            <resampledTextureHeight>360</resampledTextureHeight>
        </osx>
    </webcam>
    <webcam deviceName="Microsoft LifeCam HD-6000">
        <windows>
            <!-- size of the web cam texture requested from Unity -->
            <requestedTextureWidth>640</requestedTextureWidth>
            <requestedTextureHeight>480</requestedTextureHeight>
            <!-- size of the texture Unity's web cam texture will be rescaled to -->
            <resampledTextureWidth>640</resampledTextureWidth>
            <resampledTextureHeight>480</resampledTextureHeight>
        </windows>
        <osx>
            <!-- size of the web cam texture requested from Unity -->
            <requestedTextureWidth>640</requestedTextureWidth>
            <requestedTextureHeight>360</requestedTextureHeight>
            <!-- size of the texture Unity's web cam texture will be rescaled to -->
            <resampledTextureWidth>640</resampledTextureWidth>
            <resampledTextureHeight>360</resampledTextureHeight>
        </osx>
    </webcam>
    <webcam deviceName="Microsoft LifeCam HD-3000">
        <windows>
            <!-- size of the web cam texture requested from Unity -->
            <requestedTextureWidth>640</requestedTextureWidth>
            <requestedTextureHeight>480</requestedTextureHeight>
            <!-- size of the texture Unity's web cam texture will be rescaled to -->
            <resampledTextureWidth>640</resampledTextureWidth>
            <resampledTextureHeight>480</resampledTextureHeight>
        </windows>
        <osx>
            <!-- size of the web cam texture requested from Unity -->
            <requestedTextureWidth>640</requestedTextureWidth>
            <requestedTextureHeight>360</requestedTextureHeight>
            <!-- size of the texture Unity's web cam texture will be rescaled to -->
            <resampledTextureWidth>640</resampledTextureWidth>
            <resampledTextureHeight>360</resampledTextureHeight>
        </osx>
    </webcam>
    <webcam deviceName="FaceTime HD Camera (Built-in)">
        <windows>
            <!-- size of the web cam texture requested from Unity -->
            <requestedTextureWidth>640</requestedTextureWidth>
            <requestedTextureHeight>480</requestedTextureHeight>
            <!-- size of the texture Unity's web cam texture will be rescaled to -->
            <resampledTextureWidth>640</resampledTextureWidth>
            <resampledTextureHeight>480</resampledTextureHeight>
        </windows>
        <osx>
            <!-- size of the web cam texture requested from Unity -->
            <requestedTextureWidth>1280</requestedTextureWidth>
            <requestedTextureHeight>720</requestedTextureHeight>
            <!-- size of the texture Unity's web cam texture will be rescaled to -->
            <resampledTextureWidth>640</resampledTextureWidth>
            <resampledTextureHeight>360</resampledTextureHeight>
        </osx>
    </webcam>
</profiles>
